Sample name,Clone number,Variants in clone,Fitness_estimate,Est_time_estimate,Upper_freq,Coarse
C92_002,1,"DNMT3A_p.Q606X, SF3B1_p.K700E, TET2_p.P869Qfs*4",,,1,
C92_002,2,"DNMT3A_p.Q606X, SF3B1_p.K700E, TET2_p.P869Qfs*4, TET2_p.Q108Ffs*6",,,1,
C92_002,3,GNAS_p.R844C,,,1,
C92_003,1,DNMT3A_p.R736H,0.3,30,1,20000
C92_003,2,"DNMT3A_p.R736H, DNMT3A_p.P777R",0.38,35,1,20000
C92_003,3,"DNMT3A_p.R736H, DNMT3A_p.P777R, chr7q_CNLOH",0.5,50,1,20000
C92_003,4,"DNMT3A_p.R736H, DNMT3A_p.P777R, chr7q_CNLOH, X",2.5,69,1,20000
C92_003,5,RAD21_p.Q435X,0.25,35,1,20000
C92_003,6,DNMT3A_p.W860R,0.3,40,1,20000
C92_003,7,RUNX1_p.G190E,0.3,40,1,20000
C92_005,1,TET2_p.Q538X,,,1,
C92_005,2,"TET2_p.Q538X, GATA2_p.A302S, DNMT3A_p.R544S",,,1,
C92_007,1,SRSF2_p.P95L,,,1,
C92_007,2,"SRSF2_p.P95L, IDH2_p.R140Q",,,1,
C92_007,3,"SRSF2_p.P95L, IDH1_p.R132H",,,1,
C92_007,4,CHEK2_p.Q330X,,,1,
C92_008,1,TET2_p.G1361V,,,1,
C92_008,2,X,,,1,
C92_009,1,SF3B1_p.K666T,,,1,
C92_009,2,"SF3B1_p.K666T, CBL_p.C396R",,,1,
C92_009,3,TP53_p.V216M,,,1,
C92_009,4,"TP53_p.V216M, U2AF1_p.Q157R",,,1,
C92_011,1,X,,,1,
C92_011,2,"X, TP53_p.H193R",,,1,
C92_011,3,MPL_p.W515L,,,1,
C92_012,1,SRSF2_p.P95H,0.15,10,1,10000
C92_012,2,"SRSF2_p.P95H, TET2_p.Q917X",1.45,55,1,10000
C92_012,3,TET2_p.C1273Gfs*25,0.15,12,1,10000
C92_012,4,"SRSF2_p.P95H, TET2_p.N1266S",0.55,45,1,10000
C92_012,5,"SRSF2_p.P95H, TET2_p.N1266S, X",4.5,64,1,10000
C92_012,6,RUNX1_p.N69S,0.1,0,1,10000
C92_012,7,Z,2.1,60,1,10000
C92_016,1,DNMT3A_p.G699D,,,1,
C92_016,2,NPM1_p.W288Cfs*12,,,1,
C92_016,3,"NPM1_p.W288Cfs*12, WT1_p.V384Dfs*8",,,1,
C92_016,4,"NPM1_p.W288Cfs*12, WT1_p.V384Dfs*8, FLT3_ITD",,,1,
C92_018,1,SF3B1_p.K666N,,,1,
C92_018,2,"SF3B1_p.K666N, NPM1_p.W288Cfs*12",,,1,
C92_018,3,"SF3B1_p.K666N, NPM1_p.W288Cfs*12, WT1_p.E500K",,,1,
C92_018,4,"SF3B1_p.K666N, NPM1_p.W288Cfs*12, WT1_p.E500K, WT1_p.R385Gfs*5",,,1,
C92_019,1,BCORL1_p.R1536H,0.18,0,1,30000
C92_019,2,"BCORL1_p.R1536H, TET2_p.Q108X",0.4,50,1,30000
C92_019,3,"BCORL1_p.R1536H, TET2_p.Q108X, TET2_p.S1292R",0.4,55,1,30000
C92_019,4,"BCORL1_p.R1536H, X",2.95,75,1,30000
C92_019,5,"BCORL1_p.R1536H, ASXL1_p.A709T",1.25,70,1,30000
C92_022,1,"TET2_p.S1593Afs*3, TET2_p.H1380D, SRSF2_p.P95H",0.21,0.1,1,20000
C92_022,2,"TET2_p.S1593Afs*3, TET2_p.H1380D, SRSF2_p.P95H, MPL_p.W515L",1.8,55,1,20000
C92_022,3,"TET2_p.S1593Afs*3, TET2_p.H1380D, SRSF2_p.P95H, JAK2_p.V617F",2.2,55,1,20000
C92_022,4,"TET2_p.S1593Afs*3, TET2_p.H1380D, SRSF2_p.P95H, chr19p_CNLOH",3.8,58,1,20000
C92_022,5,CBL_p.R420Q,0.18,15,1,20000
C92_022,6,"TET2_p.S1593Afs*3, TET2_p.H1380D, SRSF2_p.P95H, KRAS_p.G60D",0.63,45,1,20000
C92_022,7,"TET2_p.S1593Afs*3, TET2_p.H1380D, SRSF2_p.P95H, JAK2_p.V617F, chr9p_CNLOH",3.4,58,1,20000
C92_022,8,"TET2_p.S1593Afs*3, TET2_p.H1380D, SRSF2_p.P95H, JAK2_p.V617F, chr9p_CNLOH, X",8,62,1,20000
C92_023,1,"TET2_p.P1079Qfs*3, ASXL1_p.G643Rfs*15",0.4,0,1,30000
C92_023,2,"TET2_p.P1079Qfs*3, ASXL1_p.G643Rfs*15, GNB1_p.K57E",1.3,43,1,30000
C92_023,3,"TET2_p.P1079Qfs*3, ASXL1_p.G643Rfs*15, NRAS_p.G12D",1.7,48,1,30000
C92_023,4,"TET2_p.P1079Qfs*3, ASXL1_p.G643Rfs*15, BCORL1_p.G1489D",1.2,42,1,30000
C92_023,5,"TET2_p.P1079Qfs*3, ASXL1_p.G643Rfs*15, EZH2_p.W624S",0.9,36,1,30000
C92_023,6,"TET2_p.P1079Qfs*3, ASXL1_p.G643Rfs*15, CBL_p.C416S",1,38,1,30000
C92_023,7,"TET2_p.P1079Qfs*3, ASXL1_p.G643Rfs*15, TET2_p.R1261C",0.5,45,1,30000
C92_023,8,"TET2_p.P1079Qfs*3, ASXL1_p.G643Rfs*15, NRAS_p.G12D, CBL_p.M374K",2.2,51,1,30000
C92_023,9,"TET2_p.P1079Qfs*3, ASXL1_p.G643Rfs*15, NRAS_p.G12D, X",3.4,56,1,30000
C92_024,1,DNMT3A_p.K154del,,,1,10000
C92_024,2,"DNMT3A_p.K154del, WT1_p.P381Rfs*73",,,1,10000
C92_032,1,DNMT3A_p.Y735C,0.09,7,1,10000
C92_032,2,DNMT3A_p.L637P,0.22,30,1,10000
C92_032,3,TET2_p.G1913D,0.07,0,1,10000
C92_032,4,"DNMT3A_p.L637P, DNMT3A_p.R688G",1.2,63,1,10000
C92_032,5,DNMT3A_p.V649M,0.08,10,1,10000
C92_032,6,DNMT3A_p.E371X,0.06,0,1,10000
C92_033,1,"SRSF2_p.P95H, TET2_p.H1036Tfs*19",,,1,
C92_033,2,"SRSF2_p.P95H, TET2_p.H1036Tfs*19, MPL_p.Y591D",,,1,
C92_034,1,SRSF2_p.P95L,0.14,0,0.4,20000
C92_034,2,"chrX_gain, DNMT3A_p.R882H",0.17,0,0.4,20000
C92_034,3,"chrX_gain, DNMT3A_p.R882H, TET2_p.Q1389X",0.3,30,0.4,20000
C92_034,4,"chrX_gain, DNMT3A_p.R882H, TET2_p.C1298Y",0.48,48,0.4,20000
C92_034,5,"chrX_gain, DNMT3A_p.R882H, TET2_p.Q1389X, TET2_p.Q659X",0.8,50,0.4,20000
C92_034,6,"chrX_gain, DNMT3A_p.R882H, SRSF2_p.P95R",0.3,30,0.4,20000
C92_034,7,"chrX_gain, DNMT3A_p.R882H, TET2_p.Q1389X, EZH2_p.P558Q",1.5,65,0.4,20000
C92_034,8,"chrX_gain, DNMT3A_p.R882H, JAK2_p.V617F",0.55,50,0.4,20000
C92_034,9,"chrX_gain, DNMT3A_p.R882H, TET2_p.Q1389X, EZH2_p.P558Q, SRSF2_p.P95H",3,69,0.4,20000
C92_036,1,DNMT3A_p.R720L,,,1,
C92_036,2,DNMT3A_p.R729W,,,1,
C92_036,3,X,,,1,
C92_041,1,DNMT3A_p.R882H,,,1,
C92_042,1,DNMT3A_p.R882H,0.2,5,1,10000
C92_042,2,STAG2_p.M1175L,0.22,25,1,10000
C92_042,3,"DNMT3A_p.R882H, SF3B1_p.K700E",0.12,3,1,10000
C92_042,4,"DNMT3A_p.R882H, SF3B1_p.K666N",0.1,5,1,10000
C92_042,5,"STAG2_p.M1175L, SF3B1_p.K666R",0.25,30,1,10000
C92_042,6,"STAG2_p.M1175L, SF3B1_p.K666R, SRSF2_p.P95H",0.26,35,1,10000
C92_045,1,DNMT3A_p.R635W,0.4,50,1,20000
C92_045,2,DNMT3A_p.W860R,0.15,35,1,20000
C92_045,3,X,0.83,60,1,20000
C92_045,4,"DNMT3A_p.W860R, DNMT3A_p.R635Q",0.22,45,1,20000
C92_047,1,DNMT3A_p.E229Kfs*87,,,1,
C92_047,2,RUNX1_p.R139X,,,1,
C92_049,1,"DNMT3A_p.R326C, IDH2_p.R140Q",,,1,
C92_050,1,GNB1_p.K57E,,,1,
C92_050,2,GNB1_p.K57M,,,1,
C92_050,3,X,,,1,
C92_050,4,CBL_p.L380P,,,1,
C92_050,5,"CBL_p.L380P, CBL_p.C404Y",,,1,
C92_050,6,"CBL_p.L380P, CBL_p.C404Y, Z",,,1,
C92_051,1,DNMT3A_p.P633L,0.05,0,1,
C92_051,2,TET2_p.F1429L,0.4,60,1,
C92_051,3,X,0.8,60,1,
C92_051,4,"X, ASXL1_p.E1006X",1.9,71,1,
C92_052,1,DDX41_p.D344E,,,1,
C92_052,2,"DDX41_p.D344E, SRSF2_p.P95H",,,1,
C92_053,1,JAK2_p.V617F,,,1,20000
C92_053,2,"JAK2_p.V617F, TET2_p.Q1903X",,,1,20000
C92_053,3,"JAK2_p.V617F, TET2_p.Q1537X",,,1,20000
C92_053,4,"JAK2_p.V617F, ASXL1_p.K909X",,,1,20000
C92_053,5,"JAK2_p.V617F, TET2_p.Q1903X, TP53_p.G244S",,,1,20000
C92_053,6,"JAK2_p.V617F, TET2_p.Q1903X, TP53_p.G244S, TP53_p.N239*",,,1,20000
C92_054,1,DNMT3A_p.R882C,0.15,0,1,20000
C92_054,2,X,0.5,45,1,20000
C92_054,3,"DNMT3A_p.R882C, chr4_gain?",1,61,1,20000
C92_054,4,"DNMT3A_p.R882C, chr4_gain?, RUNX1_p.A443T",3.5,68,1,20000
C92_055,1,NPM1_p.W288Cfs*12,,,1,
C92_056,1,DNMT3A_p.R882H,,,1,20000
C92_056,2,"DNMT3A_p.R882H, MPL_p.Y631Nfs*52",,,1,20000
C92_056,3,"DNMT3A_p.R882H, KRAS_p.Y64D",,,1,20000
C92_056,4,"DNMT3A_p.R882H, MPL_p.W515G",,,1,20000
C92_056,5,"DNMT3A_p.R882H, MPL_p.Y631Nfs*52, EZH2_p.S690W",,,1,20000
C92_057,1,DNMT3A_p.V636M,,,1,
C92_057,2,MPL_p.L604Q,,,1,
C92_057,3,X,,,1,
C92_058,1,ASXL1_p.D1057G,,,1,
C92_061,1,BCOR_p.V878I,,,1,
C92_061,2,"BCOR_p.V878I, TP53_p.A189Pfs*58",,,1,
C92_061,3,ASXL1_p.E537X,,,1,
C92_061,4,TET2_p.R1261C,,,1,
C92_062,1,DNMT3A_p.G685R,,,1,
C92_062,4,"DNMT3A_p.G685R, TET2_p.Y1766*",,,1,
C92_062,5,"DNMT3A_p.G685R, TET2_p.Y1766*, chr4q_CNLOH",,,1,
C92_064,1,DNMT3A_p.R882C,0.1,12,1,
C92_064,2,DNMT3A_p.R736C,0.55,55,1,
C92_064,3,X,1.75,61,1,
C92_064,4,"X, CEBPA_p.A170V",2.65,65,1,
C92_065,1,DNMT3A_p.Y365H,,,1,
C92_066,1,DNMT3A_p.M779Ifs*14,,,1,
C92_066,2,TP53_p.L111Q,,,1,
C92_067,1,X,,,1,
C92_067,2,TP53_p.C238Y,,,1,
C92_067,3,TET2_p.R1516X,,,1,
C92_067,4,"X, DNMT3A_p.Q692X",,,1,
C92_068,1,CBL_p.D460_E461insD,,,1,
C92_068,2,TET2_p.S675X,,,1,
C92_070,1,TP53_p.Y234C,,,1,
C92_072,1,STAG2_p.R246X,,,1,
C92_086,1,JAK2_p.V617F,,,1,
C92_086,2,DNMT3A_p.R882H,,,1,
C92_086,3,"DNMT3A_p.R882H, TET2_p.Y1560*",,,1,
C92_086,4,"DNMT3A_p.R882H, TET2_p.Y1560*, TET2_p.Q958Tfs*14",,,1,
C92_088,1,GNB1_p.K57E,,,1,
C92_088,2,X,,,1,
C92_090,1,DNMT3A_p.L373R,,,1,
C92_090,2,X,,,1,
C92_090,3,DNMT3A_p.R882C,,,1,
C92_090,4,DNMT3A_p.P904L,,,1,
C92_090,5,DNMT3A_p.R803K,,,1,
CNTRL_001,1,DNMT3A_p.G699D,,,1,
CNTRL_001,2,DNMT3A_p.Q110R,,,1,
CNTRL_002,1,TP53_p.P151S,,,1,
CNTRL_002,2,ASXL1_p.L1173S,,,1,
CNTRL_004,1,DNMT3A_p.F731I,,,1,
CNTRL_005,1,X,,,1,
CNTRL_005,1,DNMT3A_p.L738Cfs*41,,,1,
CNTRL_122,1,X,0.31,9,1,
CNTRL_122,2,TET2_p.Q80X,0.199,0,1,
CNTRL_122,3,"X, TET2_p.P267Hfs*26",0.34,17,1,
CNTRL_160,1,ASXL1_p.Q858X,,,1,
CNTRL_160,2,TET2_p.C1263F,,,1,
CNTRL_162,1,CHEK2_p.K197I,0.17,0,1,
CNTRL_162,3,STAG2_p.E534V,0.18,0,1,
CNTRL_162,4,TP53_p.S9C,0.17,0,1,
CNTRL_162,5,X,0.23,0,1,
CNTRL_163,1,PPM1D_p.R552X,,,1,
CNTRL_163,2,TP53_p.C275Y,,,1,
CNTRL_163,3,GNAS_p.R86S,,,1,
CNTRL_164,1,TET2_p.P1194R,,,1,
CNTRL_164,2,PPM1D_p.Q520X,,,1,
CNTRL_166,1,EZH2_p.E740D,,,1,
CNTRL_167,1,X,,,1,
CNTRL_167,2,TET2_p.E1874X,,,1,
CNTRL_167,3,CBL_p.F434S,,,1,
CNTRL_168,1,DNMT3A_p.R556S,,,1,
CNTRL_169,1,DNMT3A_p.Q696P,,,1,
CNTRL_172,1,PPM1D_p.S453X,,,1,
CNTRL_172,2,EZH2_p.Q415X,,,1,
CNTRL_173,1,RAD21_p.K605Afs*4,0.11,0,1,
CNTRL_173,2,"RAD21_p.K605Afs*4, DNMT3A_p.R771X",0.97,62.6,1,
CNTRL_173,3,DNMT3A_p.K841E,0.06,0,1,
CNTRL_175,1,TET2_p.R1516X,,,1,
CNTRL_178,1,TET2_p.R544X,,,1,
CNTRL_179,1,ASXL1_p.A709T,0.2,0,1,
CNTRL_179,2,"ASXL1_p.A709T, GNB1_p.K57E",0.226,20,1,
CNTRL_179,3,"ASXL1_p.A709T, SRSF2_p.V87M",0.32,38,1,
CNTRL_179,4,"ASXL1_p.A709T, ZRSR2_p.R126X",1.97,65.2,1,
CNTRL_180,1,CHEK2_p.R474C,,,1,
CNTRL_182,1,DNMT3A_p.A571Sfs*3,,,1,
CNTRL_182,2,DNMT3A_p.F751I,,,1,
CNTRL_183,1,CHEK2_p.Q11H,,,1,
CNTRL_184,1,DNMT3A_p.C583S,,,1,
CNTRL_184,2,DNMT3A_p.R882H,,,1,
CNTRL_185,1,DNMT3A_p.R736C,,,1,
CNTRL_185,2,"DNMT3A_p.R736C, chr15q_CNLOH",,,1,
CNTRL_185,3,"DNMT3A_p.R736C, chr15q_CNLOH, DNMT3A_p.F732I",,,1,
CNTRL_185,4,JAK2_p.V617F,,,1,
CNTRL_185,5,DNMT3A_p.A662D,,,1,
CNTRL_185,6,ASXL1_p.R417X,,,1,
CNTRL_186,1,TET2_p.T1884A,,,1,
CNTRL_187,1,GNB1_p.K57E,,,1,
CNTRL_190,1,TET2_p.N871Cfs*29,,,1,
CNTRL_191,1,DNMT3A_p.D658Y,,,1,
CNTRL_191,2,"DNMT3A_p.D658Y, DNMT3A_p.V626G",,,1,
CNTRL_191,3,DNMT3A_p.R635W,,,1,
CNTRL_192,1,X,0.27,10,1,10000
CNTRL_192,2,TET2_p.Q1542_Q1548del,0.23,0,1,10000
CNTRL_192,3,DNMT3A_p.S714C,0.24,9,1,10000
CNTRL_192,4,"X, TET2_p.Q744X",0.36,30,1,10000
CNTRL_192,5,"X, DNMT3A_p.C562Y",0.33,30,1,10000
CNTRL_192,6,"X, DNMT3A_p.W440X",0.35,32,1,10000
CNTRL_193,1,DNMT3A_p.R882H,,,1,
CNTRL_194,1,CHEK2_p.R521W,,,1,
CNTRL_194,2,GNB1_p.R48M,,,1,
CNTRL_195,1,DNMT3A_p.G699C,,,1,
CNTRL_195,2,DNMT3A_p.F755V,,,1,
CNTRL_196,1,DNMT3A_p.L738P,,,1,
CNTRL_197,1,TET2_p.C1271X,,,1,
CNTRL_197,2,DNMT3A_p.Y735C,,,1,
CNTRL_197,3,TET2_p.I1873T,,,1,
CNTRL_199,1,DNMT3A_p.E342X,,,1,
CNTRL_199,2,DNMT3A_p.Y683C,,,1,
CNTRL_199,3,IDH2_p.R140W,,,1,
CNTRL_201,1,X,0.97,40,1,
CNTRL_201,1,CHEK2_p.V234Sfs*9,0.38,0,1,
CNTRL_202,2,TET2_p.T1884A,,,1,
CNTRL_203,1,KRAS_p.K117N,,,1,
CNTRL_204,1,DNMT3A_p.R882C,,,1,
CNTRL_204,1,EZH2_p.R308Q,,,1,