Gene Name,CDS Mutation,AA Mutation,AA residue,counts,mutation type
BCOR,c.1005dup,p.S336Lfs*45,336,1,Insertion Frameshift
BCOR,c.1019C>A,p.S340*,340,1,Nonsense
BCOR,c.1024C>T,p.R342*,342,1,Nonsense
BCOR,c.1035_1053delinsGG,p.P346Gfs*29,346,1,Complex Frameshift
BCOR,c.1036C>G,p.P346A,346,2,Missense
BCOR,c.1037_1053del,p.P346Rfs*29,346,1,Deletion Frameshift
BCOR,c.1062del,p.S355Rfs*23,355,1,Deletion Frameshift
BCOR,c.1064C>T,p.S355L,355,1,Missense
BCOR,c.1106delinsGG,p.S369Wfs*12,369,1,Complex Frameshift
BCOR,c.1133_1134del,p.T378Sfs*2,378,1,Deletion Frameshift
BCOR,c.1136_1139del,p.V379Afs*62,379,2,Deletion Frameshift
BCOR,c.1199del,p.G400Afs*42,400,1,Deletion Frameshift
BCOR,c.1222G>A,p.G408R,408,1,Missense
BCOR,c.1246C>T,p.Q416*,416,1,Nonsense
BCOR,c.1299_1300insCTTC,p.K434Lfs*7,434,1,Insertion Frameshift
BCOR,c.1379dup,p.M461Dfs*21,461,1,Insertion Frameshift
BCOR,c.1444_1668del,p.I482_N556del,482,1,Deletion Inframe
BCOR,c.1461del,p.S488Lfs*40,488,1,Deletion Frameshift
BCOR,c.1466_1467insCCCC,p.G491Sfs*9,491,1,Insertion Frameshift
BCOR,c.1497_1503dup,p.I502*,502,1,Insertion Frameshift
BCOR,c.1568_1569insGAAGAGAACAATGGGCA,p.S524Kfs*10,524,1,Insertion Frameshift
BCOR,c.1602G>A,p.W534*,534,1,Nonsense
BCOR,c.1621_1622del,p.S541Ffs*15,541,2,Deletion Frameshift
BCOR,c.1628C>A,p.S543*,543,1,Nonsense
BCOR,c.1660del,p.I554Sfs*35,554,1,Deletion Frameshift
BCOR,c.1662del,p.T555Lfs*34,555,1,Deletion Frameshift
BCOR,c.1713dup,p.P572Tfs*39,572,1,Insertion Frameshift
BCOR,c.1757del,p.S586Tfs*3,586,1,Deletion Frameshift
BCOR,c.1772C>G,p.T591R,591,1,Missense
BCOR,c.1773A>C,p.T591=,591,4,Synonymous
BCOR,c.1786C>T,p.Q596*,596,1,Nonsense
BCOR,c.1961C>A,p.P654H,654,1,Missense
BCOR,c.2020del,p.H674Mfs*41,674,2,Deletion Frameshift
BCOR,c.2029_2030delinsC,p.G677Hfs*38,677,1,Complex Frameshift
BCOR,c.2095_2096insGCTCTATATTTCTGTCTCCAAATGAGGCATTCAGGTCCCCACCAATTCCCTACCCCAGGAGTTACCTCCCTTACCCAGCCCCTGAGGGCATTGCTGTAAGTCCCCTCTCCTTACATGGCAAACACCTGTCTACCCTCACCCAGTTTTGTTACCCAATGGCAGTCTGTTTCCTGGGCACCTTGCCCCAA,p.K699Sfs*79,699,1,Inn
BCOR,c.2103del,p.L702Cfs*13,702,1,Deletion Frameshift
BCOR,c.2111_2112del,p.Y704Wfs*35,704,1,Deletion Frameshift
BCOR,c.2186_2189del,p.L729Yfs*6,729,1,Deletion Frameshift
BCOR,c.2197_2198del,p.T733Afs*6,733,1,Deletion Frameshift
BCOR,c.2265C>G,p.Y755*,755,1,Nonsense
BCOR,c.2266G>T,p.E756*,756,1,Nonsense
BCOR,c.2289del,p.S765Pfs*21,765,1,Deletion Frameshift
BCOR,c.2377C>T,p.Q793*,793,1,Nonsense
BCOR,c.2428C>T,p.R810*,810,1,Nonsense
BCOR,c.2488_2489del,p.S830Cfs*6,830,1,Deletion Frameshift
BCOR,c.2488dup,p.S830Kfs*7,830,1,Insertion Frameshift
BCOR,c.2514dup,p.K839Qfs*5,839,4,Insertion Frameshift
BCOR,c.2627_2628insGTGC,p.F876Lfs*42,876,1,Insertion Frameshift
BCOR,c.2655dup,p.G886Rfs*31,886,1,Insertion Frameshift
BCOR,c.2683_2684insG,p.P895Rfs*22,895,1,Insertion Frameshift
BCOR,c.2814dup,p.Y939Lfs*7,939,1,Insertion Frameshift
BCOR,c.2870C>T,p.P957L,957,1,Missense
BCOR,c.2892_2893insGATGGAAG,p.R965Dfs*59,965,1,Insertion Frameshift
BCOR,c.2903del,p.N968Tfs*53,968,1,Deletion Frameshift
BCOR,c.2920_2923dup,p.D975Gfs*2,975,1,Insertion Frameshift
BCOR,c.2926C>T,p.R976*,976,1,Nonsense
BCOR,c.3013G>A,p.E1005K,1005,1,Missense
BCOR,c.3153G>A,p.W1051*,1051,1,Nonsense
BCOR,c.3220C>T,p.Q1074*,1074,1,Nonsense
BCOR,c.3265_3266insAT,p.R1089Hfs*25,1089,1,Insertion Frameshift
BCOR,c.3320_3321del,p.V1107Gfs*34,1107,1,Deletion Frameshift
BCOR,c.3328C>T,p.Q1110*,1110,1,Nonsense
BCOR,c.3343_3352del,p.P1115Tfs*41,1115,1,Deletion Frameshift
BCOR,c.3392G>T,p.R1131L,1131,1,Missense
BCOR,c.3490C>T,p.R1164*,1164,1,Nonsense
BCOR,c.3608T>A,p.L1203H,1203,1,Missense
BCOR,c.3621dup,p.Q1208Tfs*8,1208,1,Insertion Frameshift
BCOR,c.3622C>T,p.Q1208*,1208,1,Nonsense
BCOR,c.3649C>T,p.R1217*,1217,3,Nonsense
BCOR,c.3669_3670dup,p.A1224Gfs*15,1224,1,Insertion Frameshift
BCOR,c.3729_3733del,p.E1244Hfs*6,1244,1,Deletion Frameshift
BCOR,c.3748A>T,p.T1250S,1250,1,Missense
BCOR,c.3800A>G,p.N1267S,1267,1,Missense
BCOR,c.3810G>A,p.W1270*,1270,1,Nonsense
BCOR,c.3964C>T,p.Q1322*,1322,1,Nonsense
BCOR,c.4070del,p.P1357Hfs*12,1357,1,Deletion Frameshift
BCOR,c.4087_4088del,p.C1363Qfs*45,1363,1,Deletion Frameshift
BCOR,c.4109dup,p.Q1371Sfs*38,1371,1,Insertion Frameshift
BCOR,c.4127dup,p.L1377Ifs*32,1377,1,Insertion Frameshift
BCOR,c.4214C>A,p.S1405*,1405,1,Nonsense
BCOR,c.4223_4224insCCGGACTATGA,p.L1409Rfs*79,1409,1,Insertion Frameshift
BCOR,c.4267C>T,p.Q1423*,1423,1,Nonsense
BCOR,c.4333C>T,p.Q1445*,1445,1,Nonsense
BCOR,c.4357G>T,p.A1453S,1453,1,Missense
BCOR,c.4376A>G,p.N1459S,1459,1,Missense
BCOR,c.4455del,p.N1485Kfs*6,1485,1,Deletion Frameshift
BCOR,c.4455delinsTGG,p.K1486Gfs*6,1486,1,Complex Frameshift
BCOR,c.4462del,p.C1488Vfs*3,1488,1,Deletion Frameshift
BCOR,c.4480dup,p.D1494Gfs*10,1494,1,Insertion Frameshift
BCOR,c.4486G>A,p.A1496T,1496,1,Missense
BCOR,c.4491_4502del,p.Y1498_L1501del,1498,1,Deletion Inframe
BCOR,c.4540C>T,p.R1514*,1514,3,Nonsense
BCOR,c.460G>T,p.G154*,154,1,Nonsense
BCOR,c.4639C>T,p.R1547*,1547,6,Nonsense
BCOR,c.4647_4649del,p.L1550del,1550,1,Deletion Inframe
BCOR,c.4653_4654del,p.Y1552Wfs*3,1552,1,Deletion Frameshift
BCOR,c.4656T>A,p.Y1552*,1552,1,Nonsense
BCOR,c.4724_4725insACTCC,p.M1575Ifs*7,1575,1,Insertion Frameshift
BCOR,c.473_474insA,p.S158Rfs*28,158,1,Insertion Frameshift
BCOR,c.4784del,p.S1595Mfs*23,1595,1,Deletion Frameshift
BCOR,c.4794G>A,p.W1598*,1598,1,Nonsense
BCOR,c.4829del,p.D1610Vfs*8,1610,1,Deletion Frameshift
BCOR,c.4850T>A,p.L1617*,1617,1,Nonsense
BCOR,c.4886del,p.D1629Vfs*45,1629,1,Deletion Frameshift
BCOR,c.4888_4889del,p.D1630Rfs*4,1630,1,Deletion Frameshift
BCOR,c.4925C>G,p.S1642*,1642,1,Nonsense
BCOR,c.4934C>A,p.P1645H,1645,1,Missense
BCOR,c.4935_4936dup,p.L1646Pfs*29,1646,1,Insertion Frameshift
BCOR,c.4936dup,p.L1646Pfs*6,1646,2,Insertion Frameshift
BCOR,c.494C>T,p.A165V,165,1,Missense
BCOR,c.4980dup,p.R1661Tfs*11,1661,1,Insertion Frameshift
BCOR,c.4981C>T,p.R1661*,1661,1,Nonsense
BCOR,c.5011A>T,p.K1671*,1671,1,Nonsense
BCOR,c.5052del,p.P1685Qfs*40,1685,1,Deletion Frameshift
BCOR,c.5092del,p.Y1698Ifs*27,1698,1,Deletion Frameshift
BCOR,c.5094T>G,p.Y1698*,1698,1,Nonsense
BCOR,c.5111G>A,p.S1704N,1704,1,Missense
BCOR,c.524_527del,p.K175Rfs*40,175,1,Deletion Frameshift
BCOR,c.529_530del,p.S177Pfs*8,177,1,Deletion Frameshift
BCOR,c.530G>C,p.S177T,177,1,Missense
BCOR,c.533dup,p.L179Sfs*7,179,2,Insertion Frameshift
BCOR,c.604G>T,p.A202S,202,1,Missense
BCOR,c.626C>T,p.S209L,209,1,Missense
BCOR,c.714C>A,p.C238*,238,1,Nonsense
BCOR,c.733_736del,p.L245Tfs*20,245,1,Deletion Frameshift
BCOR,c.741del,p.P248Rfs*18,248,3,Deletion Frameshift
BCOR,c.865dup,p.W289Lfs*12,289,1,Insertion Frameshift
BCOR,c.946C>T,p.P316S,316,1,Missense
BCOR_ENST00000342274,c.1005dup,p.S336Lfs*45,336,1,Insertion Frameshift
BCOR_ENST00000342274,c.1019C>A,p.S340*,340,1,Nonsense
BCOR_ENST00000342274,c.1024C>T,p.R342*,342,1,Nonsense
BCOR_ENST00000342274,c.1035_1053delinsGG,p.P346Gfs*29,346,1,Complex Frameshift
BCOR_ENST00000342274,c.1036C>G,p.P346A,346,2,Missense
BCOR_ENST00000342274,c.1037_1053del,p.P346Rfs*29,346,1,Deletion Frameshift
BCOR_ENST00000342274,c.1062del,p.S355Rfs*23,355,1,Deletion Frameshift
BCOR_ENST00000342274,c.1064C>T,p.S355L,355,1,Missense
BCOR_ENST00000342274,c.1106delinsGG,p.S369Wfs*12,369,1,Complex Frameshift
BCOR_ENST00000342274,c.1133_1134del,p.T378Sfs*2,378,1,Deletion Frameshift
BCOR_ENST00000342274,c.1136_1139del,p.V379Afs*62,379,2,Deletion Frameshift
BCOR_ENST00000342274,c.1199del,p.G400Afs*42,400,1,Deletion Frameshift
BCOR_ENST00000342274,c.1222G>A,p.G408R,408,1,Missense
BCOR_ENST00000342274,c.1246C>T,p.Q416*,416,1,Nonsense
BCOR_ENST00000342274,c.1299_1300insCTTC,p.K434Lfs*7,434,1,Insertion Frameshift
BCOR_ENST00000342274,c.1379dup,p.M461Dfs*21,461,1,Insertion Frameshift
BCOR_ENST00000342274,c.1444_1668del,p.I482_N556del,482,1,Deletion Inframe
BCOR_ENST00000342274,c.1461del,p.S488Lfs*40,488,1,Deletion Frameshift
BCOR_ENST00000342274,c.1466_1467insCCCC,p.G491Sfs*9,491,1,Insertion Frameshift
BCOR_ENST00000342274,c.1497_1503dup,p.I502*,502,1,Insertion Frameshift
BCOR_ENST00000342274,c.1568_1569insGAAGAGAACAATGGGCA,p.S524Kfs*10,524,1,Insertion Frameshift
BCOR_ENST00000342274,c.1602G>A,p.W534*,534,1,Missense
BCOR_ENST00000342274,c.1621_1622del,p.S541Ffs*15,541,2,Deletion Frameshift
BCOR_ENST00000342274,c.1628C>A,p.S543*,543,1,Nonsense
BCOR_ENST00000342274,c.1660del,p.I554Sfs*35,554,1,Deletion Frameshift
BCOR_ENST00000342274,c.1662del,p.T555Lfs*34,555,1,Deletion Frameshift
BCOR_ENST00000342274,c.1713dup,p.P572Tfs*39,572,1,Insertion Frameshift
BCOR_ENST00000342274,c.1757del,p.S586Tfs*3,586,1,Deletion Frameshift
BCOR_ENST00000342274,c.1772C>G,p.T591R,591,1,Missense
BCOR_ENST00000342274,c.1773A>C,p.T591=,591,4,Synonymous
BCOR_ENST00000342274,c.1786C>T,p.Q596*,596,1,Nonsense
BCOR_ENST00000342274,c.1961C>A,p.P654H,654,1,Missense
BCOR_ENST00000342274,c.2020del,p.H674Mfs*41,674,2,Deletion Frameshift
BCOR_ENST00000342274,c.2029_2030delinsC,p.G677Hfs*38,677,1,Complex Frameshift
BCOR_ENST00000342274,c.2095_2096insGCTCTATATTTCTGTCTCCAAATGAGGCATTCAGGTCCCCACCAATTCCCTACCCCAGGAGTTACCTCCCTTACCCAGCCCCTGAGGGCATTGCTGTAAGTCCCCTCTCCTTACATGGCAAACACCTGTCTACCCTCACCCAGTTTTGTTACCCAATGGCAGTCTGTTTCCTGGGCACCTTGCCCCAA,p.K699Sfs*79,699,1,Insertion Frameshift
BCOR_ENST00000342274,c.2103del,p.L702Cfs*13,702,1,Deletion Frameshift
BCOR_ENST00000342274,c.2111_2112del,p.Y704Wfs*35,704,1,Deletion Frameshift
BCOR_ENST00000342274,c.2186_2189del,p.L729Yfs*6,729,1,Deletion Frameshift
BCOR_ENST00000342274,c.2197_2198del,p.T733Afs*6,733,1,Deletion Frameshift
BCOR_ENST00000342274,c.2265C>G,p.Y755*,755,1,Nonsense
BCOR_ENST00000342274,c.2266G>T,p.E756*,756,1,Nonsense
BCOR_ENST00000342274,c.2289del,p.S765Pfs*21,765,1,Deletion Frameshift
BCOR_ENST00000342274,c.2377C>T,p.Q793*,793,1,Nonsense
BCOR_ENST00000342274,c.2428C>T,p.R810*,810,1,Nonsense
BCOR_ENST00000342274,c.2488_2489del,p.S830Cfs*6,830,1,Deletion Frameshift
BCOR_ENST00000342274,c.2488dup,p.S830Kfs*7,830,1,Insertion Frameshift
BCOR_ENST00000342274,c.2514dup,p.K839Qfs*5,839,4,Insertion Frameshift
BCOR_ENST00000342274,c.2627_2628insGTGC,p.F876Lfs*42,876,1,Insertion Frameshift
BCOR_ENST00000342274,c.2655dup,p.G886Rfs*31,886,1,Insertion Frameshift
BCOR_ENST00000342274,c.2683_2684insG,p.P895Rfs*22,895,1,Insertion Frameshift
BCOR_ENST00000342274,c.2814dup,p.Y939Lfs*7,939,1,Insertion Frameshift
BCOR_ENST00000342274,c.2870C>T,p.P957L,957,1,Missense
BCOR_ENST00000342274,c.2892_2893insGATGGAAG,p.R965Dfs*59,965,1,Insertion Frameshift
BCOR_ENST00000342274,c.2903del,p.N968Tfs*53,968,1,Deletion Frameshift
BCOR_ENST00000342274,c.2920_2923dup,p.D975Gfs*2,975,1,Insertion Frameshift
BCOR_ENST00000342274,c.2926C>T,p.R976*,976,1,Nonsense
BCOR_ENST00000342274,c.3013G>A,p.E1005K,1005,1,Missense
BCOR_ENST00000342274,c.3153G>A,p.W1051*,1051,1,Nonsense
BCOR_ENST00000342274,c.3220C>T,p.Q1074*,1074,1,Nonsense
BCOR_ENST00000342274,c.3265_3266insAT,p.R1089Hfs*25,1089,1,Insertion Frameshift
BCOR_ENST00000342274,c.3320_3321del,p.V1107Gfs*34,1107,1,Deletion Frameshift
BCOR_ENST00000342274,c.3328C>T,p.Q1110*,1110,1,Nonsense
BCOR_ENST00000342274,c.3343_3352del,p.P1115Tfs*41,1115,1,Deletion Frameshift
BCOR_ENST00000342274,c.3392G>T,p.R1131L,1131,1,Missense
BCOR_ENST00000342274,c.3490C>T,p.R1164*,1164,1,Nonsense
BCOR_ENST00000342274,c.3506T>A,p.L1169H,1169,1,Missense
BCOR_ENST00000342274,c.3519dup,p.Q1174Tfs*8,1174,1,Insertion Frameshift
BCOR_ENST00000342274,c.3520C>T,p.Q1174*,1174,1,Nonsense
BCOR_ENST00000342274,c.3547C>T,p.R1183*,1183,3,Nonsense
BCOR_ENST00000342274,c.3567_3568dup,p.A1190Gfs*15,1190,1,Insertion Frameshift
BCOR_ENST00000342274,c.3627_3631del,p.E1210Hfs*6,1210,1,Deletion Frameshift
BCOR_ENST00000342274,c.3646A>T,p.T1216S,1216,1,Missense
BCOR_ENST00000342274,c.3698A>G,p.N1233S,1233,1,Missense
BCOR_ENST00000342274,c.3708G>A,p.W1236*,1236,1,Nonsense
BCOR_ENST00000342274,c.3862C>T,p.Q1288*,1288,1,Nonsense
BCOR_ENST00000342274,c.3968del,p.P1323Hfs*12,1323,1,Deletion Frameshift
BCOR_ENST00000342274,c.3985_3986del,p.C1329Qfs*45,1329,1,Deletion Frameshift
BCOR_ENST00000342274,c.4007dup,p.Q1337Sfs*38,1337,1,Insertion Frameshift
BCOR_ENST00000342274,c.4025dup,p.L1343Ifs*32,1343,1,Insertion Frameshift
BCOR_ENST00000342274,c.4112C>A,p.S1371*,1371,1,Nonsense
BCOR_ENST00000342274,c.4121_4122insCCGGACTATGA,p.L1375Rfs*79,1375,1,Insertion Frameshift
BCOR_ENST00000342274,c.4165C>T,p.Q1389*,1389,1,Nonsense
BCOR_ENST00000342274,c.4231C>T,p.Q1411*,1411,1,Nonsense
BCOR_ENST00000342274,c.4255G>T,p.A1419S,1419,1,Missense
BCOR_ENST00000342274,c.4274A>G,p.N1425S,1425,1,Missense
BCOR_ENST00000342274,c.4353del,p.N1451Kfs*6,1451,1,Deletion Frameshift
BCOR_ENST00000342274,c.4353delinsTGG,p.K1452Gfs*6,1452,1,Complex Frameshift
BCOR_ENST00000342274,c.4360del,p.C1454Vfs*3,1454,1,Deletion Frameshift
BCOR_ENST00000342274,c.4378dup,p.D1460Gfs*10,1460,1,Insertion Frameshift
BCOR_ENST00000342274,c.4384G>A,p.A1462T,1462,1,Missense
BCOR_ENST00000342274,c.4389_4400del,p.Y1464_L1467del,1464,1,Deletion Inframe
BCOR_ENST00000342274,c.4438C>T,p.R1480*,1480,3,Nonsense
BCOR_ENST00000342274,c.4537C>T,p.R1513*,1513,6,Nonsense
BCOR_ENST00000342274,c.4545_4547del,p.L1516del,1516,1,Deletion Inframe
BCOR_ENST00000342274,c.4551_4552del,p.Y1518Wfs*3,1518,1,Deletion Frameshift
BCOR_ENST00000342274,c.4554T>A,p.Y1518*,1518,1,Nonsense
BCOR_ENST00000342274,c.460G>T,p.G154*,154,1,Nonsense
BCOR_ENST00000342274,c.4622_4623insACTCC,p.M1541Ifs*7,1541,1,Insertion Frameshift
BCOR_ENST00000342274,c.4682del,p.S1561Mfs*23,1561,1,Deletion Frameshift
BCOR_ENST00000342274,c.4692G>A,p.W1564*,1564,1,Nonsense
BCOR_ENST00000342274,c.4727del,p.D1576Vfs*8,1576,1,Deletion Frameshift
BCOR_ENST00000342274,c.473_474insA,p.S158Rfs*28,158,1,Insertion Frameshift
BCOR_ENST00000342274,c.4748T>A,p.L1583*,1583,1,Nonsense
BCOR_ENST00000342274,c.4784del,p.D1595Vfs*45,1595,1,Deletion Frameshift
BCOR_ENST00000342274,c.4786_4787del,p.D1596Rfs*4,1596,1,Deletion Frameshift
BCOR_ENST00000342274,c.4823C>G,p.S1608*,1608,1,Nonsense
BCOR_ENST00000342274,c.4832C>A,p.P1611H,1611,1,Missense
BCOR_ENST00000342274,c.4833_4834dup,p.L1612Pfs*29,1612,1,Insertion Frameshift
BCOR_ENST00000342274,c.4834dup,p.L1612Pfs*6,1612,2,Insertion Frameshift
BCOR_ENST00000342274,c.4878dup,p.R1627Tfs*11,1627,1,Insertion Frameshift
BCOR_ENST00000342274,c.4879C>T,p.R1627*,1627,1,Nonsense
BCOR_ENST00000342274,c.4909A>T,p.K1637*,1637,1,Nonsense
BCOR_ENST00000342274,c.494C>T,p.A165V,165,1,Missense
BCOR_ENST00000342274,c.4950del,p.P1651Qfs*40,1651,1,Deletion Frameshift
BCOR_ENST00000342274,c.4990del,p.Y1664Ifs*27,1664,1,Deletion Frameshift
BCOR_ENST00000342274,c.4992T>G,p.Y1664*,1664,1,Nonsense
BCOR_ENST00000342274,c.5009G>A,p.S1670N,1670,1,Missense
BCOR_ENST00000342274,c.524_527del,p.K175Rfs*40,175,1,Deletion Frameshift
BCOR_ENST00000342274,c.529_530del,p.S177Pfs*8,177,1,Deletion Frameshift
BCOR_ENST00000342274,c.530G>C,p.S177T,177,1,Missense
BCOR_ENST00000342274,c.533dup,p.L179Sfs*7,179,2,Insertion Frameshift
BCOR_ENST00000342274,c.604G>T,p.A202S,202,1,Missense
BCOR_ENST00000342274,c.626C>T,p.S209L,209,1,Missense
BCOR_ENST00000342274,c.714C>A,p.C238*,238,1,Nonsense
BCOR_ENST00000342274,c.733_736del,p.L245Tfs*20,245,1,Deletion Frameshift
BCOR_ENST00000342274,c.741del,p.P248Rfs*18,248,3,Deletion Frameshift
BCOR_ENST00000342274,c.865dup,p.W289Lfs*12,289,1,Insertion Frameshift
BCOR_ENST00000342274,c.946C>T,p.P316S,316,1,Missense
BCOR_ENST00000342274,c.?,p.A854T,854,1,Missense
BCOR_ENST00000342274,c.?,p.D1302E,1302,1,Missense
BCOR_ENST00000342274,c.?,p.G86E,86,1,Missense
BCOR_ENST00000342274,c.?,p.T60M,60,1,Missense
BCOR_ENST00000342274,c.?,p.Y195Xfs*?,195,1,Insertion Frameshift
BCOR_ENST00000378455,c.1005dup,p.S336Lfs*45,336,1,Insertion Frameshift
BCOR_ENST00000378455,c.1019C>A,p.S340*,340,1,Nonsense
BCOR_ENST00000378455,c.1024C>T,p.R342*,342,1,Nonsense
BCOR_ENST00000378455,c.1035_1053delinsGG,p.P346Gfs*29,346,1,Complex Frameshift
BCOR_ENST00000378455,c.1036C>G,p.P346A,346,2,Missense
BCOR_ENST00000378455,c.1037_1053del,p.P346Rfs*29,346,1,Deletion Frameshift
BCOR_ENST00000378455,c.1062del,p.S355Rfs*23,355,1,Deletion Frameshift
BCOR_ENST00000378455,c.1064C>T,p.S355L,355,1,Missense
BCOR_ENST00000378455,c.1106delinsGG,p.S369Wfs*12,369,1,Complex Frameshift
BCOR_ENST00000378455,c.1133_1134del,p.T378Sfs*2,378,1,Deletion Frameshift
BCOR_ENST00000378455,c.1136_1139del,p.V379Afs*62,379,2,Deletion Frameshift
BCOR_ENST00000378455,c.1199del,p.G400Afs*42,400,1,Deletion Frameshift
BCOR_ENST00000378455,c.1222G>A,p.G408R,408,1,Missense
BCOR_ENST00000378455,c.1246C>T,p.Q416*,416,1,Nonsense
BCOR_ENST00000378455,c.1299_1300insCTTC,p.K434Lfs*7,434,1,Insertion Frameshift
BCOR_ENST00000378455,c.1379dup,p.M461Dfs*21,461,1,Insertion Frameshift
BCOR_ENST00000378455,c.1444_1668del,p.I482_N556del,482,1,Deletion Inframe
BCOR_ENST00000378455,c.1461del,p.S488Lfs*40,488,1,Deletion Frameshift
BCOR_ENST00000378455,c.1466_1467insCCCC,p.G491Sfs*9,491,1,Insertion Frameshift
BCOR_ENST00000378455,c.1497_1503dup,p.I502*,502,1,Insertion Frameshift
BCOR_ENST00000378455,c.1568_1569insGAAGAGAACAATGGGCA,p.S524Kfs*10,524,1,Insertion Frameshift
BCOR_ENST00000378455,c.1602G>A,p.W534*,534,1,Nonsense
BCOR_ENST00000378455,c.1621_1622del,p.S541Ffs*15,541,2,Deletion Frameshift
BCOR_ENST00000378455,c.1628C>A,p.S543*,543,1,Nonsense
BCOR_ENST00000378455,c.1660del,p.I554Sfs*35,554,1,Deletion Frameshift
BCOR_ENST00000378455,c.1662del,p.T555Lfs*34,555,1,Deletion Frameshift
BCOR_ENST00000378455,c.1713dup,p.P572Tfs*39,572,1,Insertion Frameshift
BCOR_ENST00000378455,c.1757del,p.S586Tfs*3,586,1,Deletion Frameshift
BCOR_ENST00000378455,c.1772C>G,p.T591R,591,1,Missense
BCOR_ENST00000378455,c.1773A>C,p.T591=,591,4,Synonymous
BCOR_ENST00000378455,c.1786C>T,p.Q596*,596,1,Nonsense
BCOR_ENST00000378455,c.1961C>A,p.P654H,654,1,Missense
BCOR_ENST00000378455,c.2020del,p.H674Mfs*41,674,2,Deletion Frameshift
BCOR_ENST00000378455,c.2029_2030delinsC,p.G677Hfs*38,677,1,Complex Frameshift
BCOR_ENST00000378455,c.2095_2096insGCTCTATATTTCTGTCTCCAAATGAGGCATTCAGGTCCCCACCAATTCCCTACCCCAGGAGTTACCTCCCTTACCCAGCCCCTGAGGGCATTGCTGTAAGTCCCCTCTCCTTACATGGCAAACACCTGTCTACCCTCACCCAGTTTTGTTACCCAATGGCAGTCTGTTTCCTGGGCACCTTGCCCCAA,p.K699Sfs*79,699,1,Insertion Frameshift
BCOR_ENST00000378455,c.2103del,p.L702Cfs*13,702,1,Deletion Frameshift
BCOR_ENST00000378455,c.2111_2112del,p.Y704Wfs*35,704,1,Deletion Frameshift
BCOR_ENST00000378455,c.2186_2189del,p.L729Yfs*6,729,1,Deletion Frameshift
BCOR_ENST00000378455,c.2197_2198del,p.T733Afs*6,733,1,Deletion Frameshift
BCOR_ENST00000378455,c.2265C>G,p.Y755*,755,1,Nonsense
BCOR_ENST00000378455,c.2266G>T,p.E756*,756,1,Nonsense
BCOR_ENST00000378455,c.2289del,p.S765Pfs*21,765,1,Deletion Frameshift
BCOR_ENST00000378455,c.2377C>T,p.Q793*,793,1,Nonsense
BCOR_ENST00000378455,c.2428C>T,p.R810*,810,1,Nonsense
BCOR_ENST00000378455,c.2488_2489del,p.S830Cfs*6,830,1,Deletion Frameshift
BCOR_ENST00000378455,c.2488dup,p.S830Kfs*7,830,1,Insertion Frameshift
BCOR_ENST00000378455,c.2514dup,p.K839Qfs*5,839,4,Insertion Frameshift
BCOR_ENST00000378455,c.2627_2628insGTGC,p.F876Lfs*42,876,1,Insertion Frameshift
BCOR_ENST00000378455,c.2655dup,p.G886Rfs*31,886,1,Insertion Frameshift
BCOR_ENST00000378455,c.2683_2684insG,p.P895Rfs*22,895,1,Insertion Frameshift
BCOR_ENST00000378455,c.2814dup,p.Y939Lfs*7,939,1,Insertion Frameshift
BCOR_ENST00000378455,c.2870C>T,p.P957L,957,1,Missense
BCOR_ENST00000378455,c.2892_2893insGATGGAAG,p.R965Dfs*41,965,1,Insertion Frameshift
BCOR_ENST00000378455,c.2903del,p.N968Tfs*35,968,1,Deletion Frameshift
BCOR_ENST00000378455,c.2920_2923dup,p.D975Gfs*2,975,1,Insertion Frameshift
BCOR_ENST00000378455,c.2926C>T,p.R976*,976,1,Nonsense
BCOR_ENST00000378455,c.3099G>A,p.W1033*,1033,1,Nonsense
BCOR_ENST00000378455,c.3166C>T,p.Q1056*,1056,1,Nonsense
BCOR_ENST00000378455,c.3211_3212insAT,p.R1071Hfs*25,1071,1,Insertion Frameshift
BCOR_ENST00000378455,c.3266_3267del,p.V1089Gfs*34,1089,1,Deletion Frameshift
BCOR_ENST00000378455,c.3274C>T,p.Q1092*,1092,1,Nonsense
BCOR_ENST00000378455,c.3289_3298del,p.P1097Tfs*41,1097,1,Deletion Frameshift
BCOR_ENST00000378455,c.3338G>T,p.R1113L,1113,1,Missense
BCOR_ENST00000378455,c.3436C>T,p.R1146*,1146,1,Nonsense
BCOR_ENST00000378455,c.3452T>A,p.L1151H,1151,1,Missense
BCOR_ENST00000378455,c.3465dup,p.Q1156Tfs*8,1156,1,Insertion Frameshift
BCOR_ENST00000378455,c.3466C>T,p.Q1156*,1156,1,Nonsense
BCOR_ENST00000378455,c.3493C>T,p.R1165*,1165,3,Nonsense
BCOR_ENST00000378455,c.3513_3514dup,p.A1172Gfs*15,1172,1,Insertion Frameshift
BCOR_ENST00000378455,c.3573_3577del,p.E1192Hfs*6,1192,1,Deletion Frameshift
BCOR_ENST00000378455,c.3592A>T,p.T1198S,1198,1,Missense
BCOR_ENST00000378455,c.3644A>G,p.N1215S,1215,1,Missense
BCOR_ENST00000378455,c.3654G>A,p.W1218*,1218,1,Nonsense
BCOR_ENST00000378455,c.3808C>T,p.Q1270*,1270,1,Nonsense
BCOR_ENST00000378455,c.3914del,p.P1305Hfs*12,1305,1,Deletion Frameshift
BCOR_ENST00000378455,c.3931_3932del,p.C1311Qfs*45,1311,1,Deletion Frameshift
BCOR_ENST00000378455,c.3953dup,p.Q1319Sfs*38,1319,1,Insertion Frameshift
BCOR_ENST00000378455,c.3971dup,p.L1325Ifs*32,1325,1,Insertion Frameshift
BCOR_ENST00000378455,c.4058C>A,p.S1353*,1353,1,Nonsense
BCOR_ENST00000378455,c.4067_4068insCCGGACTATGA,p.L1357Rfs*79,1357,1,Insertion Frameshift
BCOR_ENST00000378455,c.4111C>T,p.Q1371*,1371,1,Nonsense
BCOR_ENST00000378455,c.4177C>T,p.Q1393*,1393,1,Nonsense
BCOR_ENST00000378455,c.4201G>T,p.A1401S,1401,1,Missense
BCOR_ENST00000378455,c.4220A>G,p.N1407S,1407,1,Missense
BCOR_ENST00000378455,c.4299del,p.N1433Kfs*6,1433,1,Deletion Frameshift
BCOR_ENST00000378455,c.4299delinsTGG,p.K1434Gfs*6,1434,1,Complex Frameshift
BCOR_ENST00000378455,c.4306del,p.C1436Vfs*3,1436,1,Deletion Frameshift
BCOR_ENST00000378455,c.4324dup,p.D1442Gfs*10,1442,1,Insertion Frameshift
BCOR_ENST00000378455,c.4330G>A,p.A1444T,1444,1,Missense
BCOR_ENST00000378455,c.4335_4346del,p.Y1446_L1449del,1446,1,Deletion Inframe
BCOR_ENST00000378455,c.4384C>T,p.R1462*,1462,3,Nonsense
BCOR_ENST00000378455,c.4483C>T,p.R1495*,149,1,Nonsense
BCOR_ENST00000378455,c.4483C>T,p.R1495*,1495,5,Nonsense
BCOR_ENST00000378455,c.4491_4493del,p.L1498del,1498,1,Deletion Inframe
BCOR_ENST00000378455,c.4497_4498del,p.Y1500Wfs*3,1500,1,Deletion Frameshift
BCOR_ENST00000378455,c.4500T>A,p.Y1500*,1500,1,Nonsense
BCOR_ENST00000378455,c.4568_4569insACTCC,p.M1523Ifs*7,1523,1,Insertion Frameshift
BCOR_ENST00000378455,c.460G>T,p.G154*,154,1,Nonsense
BCOR_ENST00000378455,c.4628del,p.S1543Mfs*23,1543,1,Deletion Frameshift
BCOR_ENST00000378455,c.4638G>A,p.W1546*,1546,1,Nonsense
BCOR_ENST00000378455,c.4673del,p.D1558Vfs*8,1558,1,Deletion Frameshift
BCOR_ENST00000378455,c.4694T>A,p.L1565*,1565,1,Nonsense
BCOR_ENST00000378455,c.4730del,p.D1577Vfs*45,1577,1,Deletion Frameshift
BCOR_ENST00000378455,c.4732_4733del,p.D1578Rfs*4,1578,1,Deletion Frameshift
BCOR_ENST00000378455,c.473_474insA,p.S158Rfs*28,158,1,Insertion Frameshift
BCOR_ENST00000378455,c.4769C>G,p.S1590*,1590,1,Nonsense
BCOR_ENST00000378455,c.4778C>A,p.P1593H,1593,1,Missense
BCOR_ENST00000378455,c.4779_4780dup,p.L1594Pfs*29,1594,1,Insertion Frameshift
BCOR_ENST00000378455,c.4780dup,p.L1594Pfs*6,1594,2,Insertion Frameshift
BCOR_ENST00000378455,c.4824dup,p.R1609Tfs*11,1609,1,Insertion Frameshift
BCOR_ENST00000378455,c.4825C>T,p.R1609*,1609,1,Nonsense
BCOR_ENST00000378455,c.4855A>T,p.K1619*,1619,1,Nonsense
BCOR_ENST00000378455,c.4896del,p.P1633Qfs*40,1633,1,Deletion Frameshift
BCOR_ENST00000378455,c.4936del,p.Y1646Ifs*27,1646,1,Deletion Frameshift
BCOR_ENST00000378455,c.4938T>G,p.Y1646*,1646,1,Nonsense
BCOR_ENST00000378455,c.494C>T,p.A165V,165,1,Missense
BCOR_ENST00000378455,c.4955G>A,p.S1652N,1652,1,Missense
BCOR_ENST00000378455,c.524_527del,p.K175Rfs*40,175,1,Deletion Frameshift
BCOR_ENST00000378455,c.529_530del,p.S177Pfs*8,177,1,Deletion Frameshift
BCOR_ENST00000378455,c.530G>C,p.S177T,177,1,Missense
BCOR_ENST00000378455,c.533dup,p.L179Sfs*7,179,2,Insertion Frameshift
BCOR_ENST00000378455,c.604G>T,p.A202S,202,1,Missense
BCOR_ENST00000378455,c.626C>T,p.S209L,209,1,Missense
BCOR_ENST00000378455,c.714C>A,p.C238*,238,1,Nonsense
BCOR_ENST00000378455,c.733_736del,p.L245Tfs*20,245,1,Deletion Frameshift
BCOR_ENST00000378455,c.741del,p.P248Rfs*18,248,3,Deletion Frameshift
BCOR_ENST00000378455,c.865dup,p.W289Lfs*12,289,1,Insertion Frameshift
BCOR_ENST00000378455,c.946C>T,p.P316S,316,1,Missense
BCOR_ENST00000378463,c.1009dup,p.D337Gfs*10,337,1,Insertion Frameshift
BCOR_ENST00000378463,c.1015G>A,p.A339T,339,1,Missense
BCOR_ENST00000378463,c.1020_1031del,p.Y341_L344del,341,1,Deletion Inframe
BCOR_ENST00000378463,c.1069C>T,p.R357*,357,3,Nonsense
BCOR_ENST00000378463,c.1168C>T,p.R390*,390,6,Nonsense
BCOR_ENST00000378463,c.1176_1178del,p.L393del,393,1,Deletion Inframe
BCOR_ENST00000378463,c.1182_1183del,p.Y395Wfs*3,395,1,Deletion Frameshift
BCOR_ENST00000378463,c.1185T>A,p.Y395*,395,1,Nonsense
BCOR_ENST00000378463,c.121C>T,p.R41*,41,1,Nonsense
BCOR_ENST00000378463,c.1253_1254insACTCC,p.M418Ifs*7,418,1,Insertion Frameshift
BCOR_ENST00000378463,c.1313del,p.S438Mfs*23,438,1,Deletion Frameshift
BCOR_ENST00000378463,c.1323G>A,p.W441*,441,1,Nonsense
BCOR_ENST00000378463,c.1358del,p.D453Vfs*8,453,1,Deletion Frameshift
BCOR_ENST00000378463,c.1379T>A,p.L460*,460,1,Nonsense
BCOR_ENST00000378463,c.137T>A,p.L46H,46,1,Missense
BCOR_ENST00000378463,c.1415del,p.D472Vfs*45,472,1,Deletion Frameshift
BCOR_ENST00000378463,c.1417_1418del,p.D473Rfs*4,473,1,Deletion Frameshift
BCOR_ENST00000378463,c.1454C>G,p.S485*,485,1,Nonsense
BCOR_ENST00000378463,c.1463C>A,p.P488H,488,1,Missense
BCOR_ENST00000378463,c.1464_1465dup,p.L489Pfs*29,489,1,Insertion Frameshift
BCOR_ENST00000378463,c.1465dup,p.L489Pfs*6,489,2,Insertion Frameshift
BCOR_ENST00000378463,c.1509dup,p.R504Tfs*11,504,1,Insertion Frameshift
BCOR_ENST00000378463,c.150dup,p.Q51Tfs*8,51,1,Insertion Frameshift
BCOR_ENST00000378463,c.1510C>T,p.R504*,504,1,Nonsense
BCOR_ENST00000378463,c.151C>T,p.Q51*,51,1,Nonsense
BCOR_ENST00000378463,c.1540A>T,p.K514*,514,1,Nonsense
BCOR_ENST00000378463,c.1581del,p.P528Qfs*40,528,1,Deletion Frameshift
BCOR_ENST00000378463,c.1621del,p.Y541Ifs*27,541,1,Deletion Frameshift
BCOR_ENST00000378463,c.1623T>G,p.Y541*,541,1,Nonsense
BCOR_ENST00000378463,c.1640G>A,p.S547N,547,1,Missense
BCOR_ENST00000378463,c.178C>T,p.R60*,60,3,Nonsense
BCOR_ENST00000378463,c.198_199dup,p.A67Gfs*15,67,1,Insertion Frameshift
BCOR_ENST00000378463,c.23G>T,p.R8L,8,1,Missense
BCOR_ENST00000378463,c.258_262del,p.E87Hfs*6,87,1,Deletion Frameshift
BCOR_ENST00000378463,c.277A>T,p.T93S,93,1,Missense
BCOR_ENST00000378463,c.329A>G,p.N110S,110,1,Missense
BCOR_ENST00000378463,c.339G>A,p.W113*,113,1,Nonsense
BCOR_ENST00000378463,c.493C>T,p.Q165*,165,1,Nonsense
BCOR_ENST00000378463,c.599del,p.P200Hfs*12,200,1,Deletion Frameshift
BCOR_ENST00000378463,c.616_617del,p.C206Qfs*45,206,1,Deletion Frameshift
BCOR_ENST00000378463,c.638dup,p.Q214Sfs*38,214,1,Insertion Frameshift
BCOR_ENST00000378463,c.656dup,p.L220Ifs*32,220,1,Insertion Frameshift
BCOR_ENST00000378463,c.743C>A,p.S248*,248,1,Nonsense
BCOR_ENST00000378463,c.752_753insCCGGACTATGA,p.L252Rfs*79,252,1,Insertion Frameshift
BCOR_ENST00000378463,c.796C>T,p.Q266*,266,1,Nonsense
BCOR_ENST00000378463,c.862C>T,p.Q288*,288,1,Nonsense
BCOR_ENST00000378463,c.886G>T,p.A296S,296,1,Missense
BCOR_ENST00000378463,c.905A>G,p.N302S,302,1,Missense
BCOR_ENST00000378463,c.984del,p.N328Kfs*6,328,1,Deletion Frameshift
BCOR_ENST00000378463,c.984delinsTGG,p.K329Gfs*6,329,1,Complex Frameshift
BCOR_ENST00000378463,c.991del,p.C331Vfs*3,331,1,Deletion Frameshift
BCOR_ENST00000397354,c.1005dup,p.S336Lfs*45,336,1,Insertion Frameshift
BCOR_ENST00000397354,c.1019C>A,p.S340*,340,1,Nonsense
BCOR_ENST00000397354,c.1024C>T,p.R342*,342,1,Nonsense
BCOR_ENST00000397354,c.1035_1053delinsGG,p.P346Gfs*29,346,1,Complex Frameshift
BCOR_ENST00000397354,c.1036C>G,p.P346A,346,2,Missense
BCOR_ENST00000397354,c.1037_1053del,p.P346Rfs*29,346,1,Deletion Frameshift
BCOR_ENST00000397354,c.1062del,p.S355Rfs*23,355,1,Deletion Frameshift
BCOR_ENST00000397354,c.1064C>T,p.S355L,355,1,Missense
BCOR_ENST00000397354,c.1106delinsGG,p.S369Wfs*12,369,1,Complex Frameshift
BCOR_ENST00000397354,c.1133_1134del,p.T378Sfs*2,378,1,Deletion Frameshift
BCOR_ENST00000397354,c.1136_1139del,p.V379Afs*62,379,2,Deletion Frameshift
BCOR_ENST00000397354,c.1199del,p.G400Afs*42,400,1,Deletion Frameshift
BCOR_ENST00000397354,c.1222G>A,p.G408R,408,1,Missense
BCOR_ENST00000397354,c.1246C>T,p.Q416*,416,1,Nonsense
BCOR_ENST00000397354,c.1299_1300insCTTC,p.K434Lfs*7,434,1,Insertion Frameshift
BCOR_ENST00000397354,c.1379dup,p.M461Dfs*21,461,1,Insertion Frameshift
BCOR_ENST00000397354,c.1444_1668del,p.I482_N556del,482,1,Deletion Inframe
BCOR_ENST00000397354,c.1461del,p.S488Lfs*40,488,1,Deletion Frameshift
BCOR_ENST00000397354,c.1466_1467insCCCC,p.G491Sfs*9,491,1,Insertion Frameshift
BCOR_ENST00000397354,c.1497_1503dup,p.I502*,502,1,Nonsense
BCOR_ENST00000397354,c.1568_1569insGAAGAGAACAATGGGCA,p.S524Kfs*10,524,1,Insertion Frameshift
BCOR_ENST00000397354,c.1602G>A,p.W534*,534,1,Nonsense
BCOR_ENST00000397354,c.1621_1622del,p.S541Ffs*15,541,2,Deletion Frameshift
BCOR_ENST00000397354,c.1628C>A,p.S543*,543,1,Nonsense
BCOR_ENST00000397354,c.1660del,p.I554Sfs*35,554,1,Deletion Frameshift
BCOR_ENST00000397354,c.1662del,p.T555Lfs*34,555,1,Deletion Frameshift
BCOR_ENST00000397354,c.1713dup,p.P572Tfs*39,572,1,Insertion Frameshift
BCOR_ENST00000397354,c.1757del,p.S586Tfs*3,586,1,Deletion Frameshift
BCOR_ENST00000397354,c.1772C>G,p.T591R,591,1,Missense
BCOR_ENST00000397354,c.1773A>C,p.T591=,591,4,Synonymous
BCOR_ENST00000397354,c.1786C>T,p.Q596*,596,1,Nonsense
BCOR_ENST00000397354,c.1961C>A,p.P654H,654,1,Missense
BCOR_ENST00000397354,c.2020del,p.H674Mfs*41,674,2,Deletion Frameshift
BCOR_ENST00000397354,c.2029_2030delinsC,p.G677Hfs*38,677,1,Complex Frameshift
BCOR_ENST00000397354,c.2095_2096insGCTCTATATTTCTGTCTCCAAATGAGGCATTCAGGTCCCCACCAATTCCCTACCCCAGGAGTTACCTCCCTTACCCAGCCCCTGAGGGCATTGCTGTAAGTCCCCTCTCCTTACATGGCAAACACCTGTCTACCCTCACCCAGTTTTGTTACCCAATGGCAGTCTGTTTCCTGGGCACCTTGCCCCAA,p.K699Sfs*79,699,1,Insertion Frameshift
BCOR_ENST00000397354,c.2103del,p.L702Cfs*13,702,1,Deletion Frameshift
BCOR_ENST00000397354,c.2111_2112del,p.Y704Wfs*35,704,1,Deletion Frameshift
BCOR_ENST00000397354,c.2186_2189del,p.L729Yfs*6,729,1,Deletion Frameshift
BCOR_ENST00000397354,c.2197_2198del,p.T733Afs*6,733,1,Deletion Frameshift
BCOR_ENST00000397354,c.2265C>G,p.Y755*,755,1,Nonsense
BCOR_ENST00000397354,c.2266G>T,p.E756*,756,1,Nonsense
BCOR_ENST00000397354,c.2289del,p.S765Pfs*21,765,1,Deletion Frameshift
BCOR_ENST00000397354,c.2377C>T,p.Q793*,793,1,Nonsense
BCOR_ENST00000397354,c.2428C>T,p.R810*,810,1,Nonsense
BCOR_ENST00000397354,c.2488_2489del,p.S830Cfs*6,830,1,Deletion Frameshift
BCOR_ENST00000397354,c.2488dup,p.S830Kfs*7,830,1,Insertion Frameshift
BCOR_ENST00000397354,c.2514dup,p.K839Qfs*5,839,4,Insertion Frameshift
BCOR_ENST00000397354,c.2627_2628insGTGC,p.F876Lfs*42,876,1,Insertion Frameshift
BCOR_ENST00000397354,c.2655dup,p.G886Rfs*31,886,1,Insertion Frameshift
BCOR_ENST00000397354,c.2683_2684insG,p.P895Rfs*22,895,1,Insertion Frameshift
BCOR_ENST00000397354,c.2814dup,p.Y939Lfs*7,939,1,Insertion Frameshift
BCOR_ENST00000397354,c.2870C>T,p.P957L,957,1,Missense
BCOR_ENST00000397354,c.2892_2893insGATGGAAG,p.R965Dfs*59,965,1,Insertion Frameshift
BCOR_ENST00000397354,c.2903del,p.N968Tfs*53,968,1,Deletion Frameshift
BCOR_ENST00000397354,c.2920_2923dup,p.D975Gfs*2,975,1,Insertion Frameshift
BCOR_ENST00000397354,c.2926C>T,p.R976*,976,1,Nonsense
BCOR_ENST00000397354,c.3013G>A,p.E1005K,1005,1,Missense
BCOR_ENST00000397354,c.3153G>A,p.W1051*,1051,1,Nonsense
BCOR_ENST00000397354,c.3220C>T,p.Q1074*,1074,1,Nonsense
BCOR_ENST00000397354,c.3265_3266insAT,p.R1089Hfs*25,1089,1,Insertion Frameshift
BCOR_ENST00000397354,c.3320_3321del,p.V1107Gfs*34,1107,1,Deletion Frameshift
BCOR_ENST00000397354,c.3328C>T,p.Q1110*,1110,1,Nonsense
BCOR_ENST00000397354,c.3343_3352del,p.P1115Tfs*41,1115,1,Deletion Frameshift
BCOR_ENST00000397354,c.3392G>T,p.R1131L,1131,1,Missense
BCOR_ENST00000397354,c.3490C>T,p.R1164*,1164,1,Nonsense
BCOR_ENST00000397354,c.3506T>A,p.L1169H,1169,1,Missense
BCOR_ENST00000397354,c.3519dup,p.Q1174Tfs*8,1174,1,Insertion Frameshift
BCOR_ENST00000397354,c.3520C>T,p.Q1174*,1174,1,Nonsense
BCOR_ENST00000397354,c.3547C>T,p.R1183*,1183,3,Nonsense
BCOR_ENST00000397354,c.3567_3568dup,p.A1190Gfs*15,1190,1,Insertion Frameshift
BCOR_ENST00000397354,c.3627_3631del,p.E1210Hfs*6,1210,1,Deletion Frameshift
BCOR_ENST00000397354,c.3646A>T,p.T1216S,1216,1,Missense
BCOR_ENST00000397354,c.3698A>G,p.N1233S,1233,1,Missense
BCOR_ENST00000397354,c.3708G>A,p.W1236*,1236,1,Nonsense
BCOR_ENST00000397354,c.3862C>T,p.Q1288*,1288,1,Nonsense
BCOR_ENST00000397354,c.3968del,p.P1323Hfs*12,1323,1,Deletion Frameshift
BCOR_ENST00000397354,c.3985_3986del,p.C1329Qfs*45,1329,1,Deletion Frameshift
BCOR_ENST00000397354,c.4007dup,p.Q1337Sfs*38,1337,1,Insertion Frameshift
BCOR_ENST00000397354,c.4025dup,p.L1343Ifs*32,1343,1,Insertion Frameshift
BCOR_ENST00000397354,c.4112C>A,p.S1371*,1371,1,Nonsense
BCOR_ENST00000397354,c.4121_4122insCCGGACTATGA,p.L1375Rfs*79,1375,1,Insertion Frameshift
BCOR_ENST00000397354,c.4165C>T,p.Q1389*,1389,1,Nonsense
BCOR_ENST00000397354,c.4231C>T,p.Q1411*,1411,1,Nonsense
BCOR_ENST00000397354,c.4255G>T,p.A1419S,1419,1,Missense
BCOR_ENST00000397354,c.4274A>G,p.N1425S,1425,1,Missense
BCOR_ENST00000397354,c.4353del,p.N1451Kfs*6,1451,1,Deletion Frameshift
BCOR_ENST00000397354,c.4353delinsTGG,p.K1452Gfs*6,1452,1,Complex Frameshift
BCOR_ENST00000397354,c.4360del,p.C1454Vfs*3,1454,1,Deletion Frameshift
BCOR_ENST00000397354,c.4378dup,p.D1460Gfs*10,1460,1,Insertion Frameshift
BCOR_ENST00000397354,c.4384G>A,p.A1462T,1462,1,Missense
BCOR_ENST00000397354,c.4389_4400del,p.Y1464_L1467del,1464,1,Deletion Inframe
BCOR_ENST00000397354,c.4438C>T,p.R1480*,1480,3,Nonsense
BCOR_ENST00000397354,c.4537C>T,p.R1513*,1513,6,Nonsense
BCOR_ENST00000397354,c.4545_4547del,p.L1516del,1516,1,Deletion Inframe
BCOR_ENST00000397354,c.4551_4552del,p.Y1518Wfs*3,1518,1,Deletion Frameshift
BCOR_ENST00000397354,c.4554T>A,p.Y1518*,1518,1,Nonsense
BCOR_ENST00000397354,c.460G>T,p.G154*,154,1,Nonsense
BCOR_ENST00000397354,c.4622_4623insACTCC,p.M1541Ifs*7,1541,1,Insertion Frameshift
BCOR_ENST00000397354,c.4682del,p.S1561Mfs*23,1561,1,Deletion Frameshift
BCOR_ENST00000397354,c.4692G>A,p.W1564*,1564,1,Nonsense
BCOR_ENST00000397354,c.4727del,p.D1576Vfs*8,1576,1,Deletion Frameshift
BCOR_ENST00000397354,c.473_474insA,p.S158Rfs*28,158,1,Insertion Frameshift
BCOR_ENST00000397354,c.4748T>A,p.L1583*,1583,1,Nonsense
BCOR_ENST00000397354,c.4784del,p.D1595Vfs*45,1595,1,Deletion Frameshift
BCOR_ENST00000397354,c.4786_4787del,p.D1596Rfs*4,1596,1,Deletion Frameshift
BCOR_ENST00000397354,c.4823C>G,p.S1608*,1608,1,Nonsense
BCOR_ENST00000397354,c.4832C>A,p.P1611H,1611,1,Missense
BCOR_ENST00000397354,c.4833_4834dup,p.L1612Pfs*29,1612,1,Insertion Frameshift
BCOR_ENST00000397354,c.4834dup,p.L1612Pfs*6,1612,2,Insertion Frameshift
BCOR_ENST00000397354,c.4878dup,p.R1627Tfs*11,1627,1,Insertion Frameshift
BCOR_ENST00000397354,c.4879C>T,p.R1627*,1627,1,Nonsense
BCOR_ENST00000397354,c.4909A>T,p.K1637*,1637,1,Nonsense
BCOR_ENST00000397354,c.494C>T,p.A165V,165,1,Missense
BCOR_ENST00000397354,c.4950del,p.P1651Qfs*40,1651,1,Deletion Frameshift
BCOR_ENST00000397354,c.4990del,p.Y1664Ifs*27,1664,1,Deletion Frameshift
BCOR_ENST00000397354,c.4992T>G,p.Y1664*,1664,1,Nonsense
BCOR_ENST00000397354,c.5009G>A,p.S1670N,1670,1,Missense
BCOR_ENST00000397354,c.524_527del,p.K175Rfs*40,175,1,Deletion Frameshift
BCOR_ENST00000397354,c.529_530del,p.S177Pfs*8,177,1,Deletion Frameshift
BCOR_ENST00000397354,c.530G>C,p.S177T,177,1,Missense
BCOR_ENST00000397354,c.533dup,p.L179Sfs*7,179,2,Insertion Frameshift
BCOR_ENST00000397354,c.604G>T,p.A202S,202,1,Missense
BCOR_ENST00000397354,c.626C>T,p.S209L,209,1,Missense
BCOR_ENST00000397354,c.714C>A,p.C238*,238,1,Nonsense
BCOR_ENST00000397354,c.733_736del,p.L245Tfs*20,245,1,Deletion Frameshift
BCOR_ENST00000397354,c.741del,p.P248Rfs*18,248,3,Deletion Frameshift
BCOR_ENST00000397354,c.865dup,p.W289Lfs*12,289,1,Insertion Frameshift
BCOR_ENST00000397354,c.946C>T,p.P316S,316,1,Missense
BCOR_ENST00000615339,c.1035dup,p.Y346Lfs*7,346,1,Insertion Frameshift
BCOR_ENST00000615339,c.1091C>T,p.P364L,364,1,Missense
BCOR_ENST00000615339,c.1113_1114insGATGGAAG,p.R372Dfs*39,372,1,Insertion Frameshift
BCOR_ENST00000615339,c.1124del,p.N375Tfs*33,375,1,Deletion Frameshift
BCOR_ENST00000615339,c.1141_1144dup,p.D382Gfs*2,382,1,Insertion Frameshift
BCOR_ENST00000615339,c.1147C>T,p.R383*,383,1,Nonsense
BCOR_ENST00000615339,c.182C>A,p.P61H,61,1,Missense
BCOR_ENST00000615339,c.241del,p.H81Mfs*41,81,2,Deletion Frameshift
BCOR_ENST00000615339,c.250_251delinsC,p.G84Hfs*38,84,1,Complex Frameshift
BCOR_ENST00000615339,c.316_317insGCTCTATATTTCTGTCTCCAAATGAGGCATTCAGGTCCCCACCAATTCCCTACCCCAGGAGTTACCTCCCTTACCCAGCCCCTGAGGGCATTGCTGTAAGTCCCCTCTCCTTACATGGCAAACACCTGTCTACCCTCACCCAGTTTTGTTACCCAATGGCAGTCTGTTTCCTGGGCACCTTGCCCCAA,p.K106Sfs*79,106,1,Insertion Frameshift
BCOR_ENST00000615339,c.324del,p.L109Cfs*13,109,1,Deletion Frameshift
BCOR_ENST00000615339,c.332_333del,p.Y111Wfs*35,111,1,Deletion Frameshift
BCOR_ENST00000615339,c.407_410del,p.L136Yfs*6,136,1,Deletion Frameshift
BCOR_ENST00000615339,c.418_419del,p.T140Afs*6,140,1,Deletion Frameshift
BCOR_ENST00000615339,c.486C>G,p.Y162*,162,1,Nonsense
BCOR_ENST00000615339,c.487G>T,p.E163*,163,1,Nonsense
BCOR_ENST00000615339,c.510del,p.S172Pfs*21,172,1,Deletion Frameshift
BCOR_ENST00000615339,c.598C>T,p.Q200*,200,1,Nonsense
BCOR_ENST00000615339,c.649C>T,p.R217*,217,1,Nonsense
BCOR_ENST00000615339,c.709_710del,p.S237Cfs*6,237,1,Deletion Frameshift
BCOR_ENST00000615339,c.709dup,p.S237Kfs*7,237,1,Insertion Frameshift
BCOR_ENST00000615339,c.735dup,p.K246Qfs*5,246,4,Insertion Frameshift
BCOR_ENST00000615339,c.848_849insGTGC,p.F283Lfs*42,283,1,Insertion Frameshift
BCOR_ENST00000615339,c.876dup,p.G293Rfs*31,293,1,Insertion Frameshift
BCOR_ENST00000615339,c.904_905insG,p.P302Rfs*22,302,1,Insertion Frameshift